,column,error
0,selftext,The input must be a string.
1,selftext,The input must be a string.
2,selftext,The input must be a string.
3,selftext,The input must be a string.
4,selftext,The input must be a string.
5,selftext,The input must be a string.
6,selftext,The input must be a string.
7,selftext,The input must be a string.
8,selftext,The input must be a string.
9,selftext,The input must be a string.
10,selftext,The input must be a string.
11,selftext,The input must be a string.
12,selftext,The input must be a string.
13,selftext,The input must be a string.
14,selftext,The input must be a string.
15,selftext,The input must be a string.
16,selftext,The input must be a string.
17,selftext,The input must be a string.
18,selftext,The input must be a string.
19,selftext,The input must be a string.
20,selftext,The input must be a string.
21,selftext,The input must be a string.
22,selftext,The input must be a string.
23,selftext,The input must be a string.
24,selftext,The input must be a string.
25,selftext,The input must be a string.
26,selftext,The input must be a string.
27,selftext,The input must be a string.
28,selftext,The input must be a string.
29,selftext,The input must be a string.
30,selftext,The input must be a string.
31,selftext,The input must be a string.
32,selftext,The input must be a string.
33,selftext,The input must be a string.
34,selftext,The input must be a string.
35,selftext,The input must be a string.
36,selftext,The input must be a string.
37,selftext,The input must be a string.
38,selftext,The input must be a string.
39,selftext,The input must be a string.
40,selftext,The input must be a string.
41,selftext,The input must be a string.
42,selftext,The input must be a string.
43,selftext,The input must be a string.
44,selftext,The input must be a string.
45,selftext,The input must be a string.
46,selftext,The input must be a string.
47,selftext,The input must be a string.
48,selftext,The input must be a string.
49,selftext,The input must be a string.
50,selftext,The input must be a string.
51,selftext,The input must be a string.
52,selftext,The input must be a string.
53,selftext,The input must be a string.
54,selftext,The input must be a string.
55,selftext,The input must be a string.
56,selftext,The input must be a string.
57,selftext,The input must be a string.
58,selftext,The input must be a string.
59,selftext,The input must be a string.
60,selftext,The input must be a string.
61,selftext,The input must be a string.
62,selftext,The input must be a string.
63,selftext,The input must be a string.
64,selftext,The input must be a string.
65,selftext,The input must be a string.
66,selftext,The input must be a string.
67,selftext,The input must be a string.
68,selftext,The input must be a string.
69,selftext,The input must be a string.
70,selftext,The input must be a string.
71,selftext,The input must be a string.
72,selftext,The input must be a string.
73,selftext,The input must be a string.
74,selftext,The input must be a string.
75,selftext,The input must be a string.
76,selftext,The input must be a string.
77,selftext,The input must be a string.
78,selftext,The input must be a string.
79,selftext,The input must be a string.
80,selftext,The input must be a string.
81,selftext,The input must be a string.
82,selftext,The input must be a string.
83,selftext,The input must be a string.
84,selftext,The input must be a string.
85,selftext,The input must be a string.
86,selftext,The input must be a string.
87,selftext,The input must be a string.
88,selftext,The input must be a string.
89,selftext,The input must be a string.
90,selftext,The input must be a string.
91,selftext,The input must be a string.
92,selftext,The input must be a string.
93,selftext,The input must be a string.
94,selftext,The input must be a string.
95,selftext,The input must be a string.
96,selftext,The input must be a string.
97,selftext,The input must be a string.
98,selftext,The input must be a string.
99,selftext,The input must be a string.
100,selftext,The input must be a string.
101,selftext,The input must be a string.
102,selftext,The input must be a string.
103,selftext,The input must be a string.
104,selftext,The input must be a string.
105,selftext,The input must be a string.
106,selftext,The input must be a string.
107,selftext,The input must be a string.
108,selftext,The input must be a string.
109,selftext,The input must be a string.
110,selftext,The input must be a string.
111,selftext,The input must be a string.
112,selftext,The input must be a string.
113,selftext,The input must be a string.
114,selftext,The input must be a string.
115,selftext,The input must be a string.
116,selftext,The input must be a string.
117,selftext,The input must be a string.
118,selftext,The input must be a string.
119,selftext,The input must be a string.
120,selftext,The input must be a string.
121,selftext,The input must be a string.
122,selftext,The input must be a string.
123,selftext,The input must be a string.
124,selftext,The input must be a string.
125,selftext,The input must be a string.
126,selftext,The input must be a string.
127,selftext,The input must be a string.
128,selftext,The input must be a string.
129,selftext,The input must be a string.
130,selftext,The input must be a string.
131,selftext,The input must be a string.
132,selftext,The input must be a string.
133,selftext,The input must be a string.
134,selftext,The input must be a string.
135,selftext,The input must be a string.
136,selftext,The input must be a string.
137,selftext,The input must be a string.
138,selftext,The input must be a string.
139,selftext,The input must be a string.
140,selftext,The input must be a string.
141,selftext,The input must be a string.
142,selftext,The input must be a string.
143,selftext,The input must be a string.
144,selftext,The input must be a string.
145,selftext,The input must be a string.
146,selftext,The input must be a string.
147,selftext,The input must be a string.
148,selftext,The input must be a string.
149,selftext,The input must be a string.
150,selftext,The input must be a string.
151,selftext,The input must be a string.
152,selftext,The input must be a string.
153,selftext,The input must be a string.
154,selftext,The input must be a string.
155,selftext,The input must be a string.
156,selftext,The input must be a string.
157,selftext,The input must be a string.
158,selftext,The input must be a string.
159,selftext,The input must be a string.
160,selftext,The input must be a string.
161,selftext,The input must be a string.
162,selftext,The input must be a string.
163,selftext,The input must be a string.
164,selftext,The input must be a string.
165,selftext,The input must be a string.
166,selftext,The input must be a string.
167,selftext,The input must be a string.
168,selftext,The input must be a string.
169,selftext,The input must be a string.
170,selftext,The input must be a string.
171,selftext,The input must be a string.
172,selftext,The input must be a string.
173,selftext,The input must be a string.
174,selftext,The input must be a string.
175,selftext,The input must be a string.
176,selftext,The input must be a string.
177,selftext,The input must be a string.
178,selftext,The input must be a string.
179,selftext,The input must be a string.
180,selftext,The input must be a string.
181,selftext,The input must be a string.
182,selftext,The input must be a string.
183,selftext,The input must be a string.
184,selftext,The input must be a string.
185,selftext,The input must be a string.
186,selftext,The input must be a string.
187,selftext,The input must be a string.
188,selftext,The input must be a string.
189,selftext,The input must be a string.
190,selftext,The input must be a string.
191,selftext,The input must be a string.
192,selftext,The input must be a string.
193,selftext,The input must be a string.
194,selftext,The input must be a string.
195,selftext,The input must be a string.
196,selftext,The input must be a string.
197,selftext,The input must be a string.
198,selftext,The input must be a string.
199,selftext,The input must be a string.
200,selftext,The input must be a string.
201,selftext,The input must be a string.
202,selftext,The input must be a string.
203,selftext,The input must be a string.
204,selftext,The input must be a string.
205,selftext,The input must be a string.
206,selftext,The input must be a string.
207,selftext,The input must be a string.
208,selftext,The input must be a string.
209,selftext,The input must be a string.
210,selftext,The input must be a string.
211,selftext,The input must be a string.
212,selftext,The input must be a string.
213,selftext,The input must be a string.
214,selftext,The input must be a string.
215,selftext,The input must be a string.
216,selftext,The input must be a string.
217,selftext,The input must be a string.
218,selftext,The input must be a string.
219,selftext,The input must be a string.
220,selftext,The input must be a string.
221,selftext,The input must be a string.
222,selftext,The input must be a string.
223,selftext,The input must be a string.
224,selftext,The input must be a string.
225,selftext,The input must be a string.
226,selftext,The input must be a string.
227,selftext,The input must be a string.
228,selftext,The input must be a string.
229,selftext,The input must be a string.
230,selftext,The input must be a string.
231,selftext,The input must be a string.
232,selftext,The input must be a string.
233,selftext,The input must be a string.
234,selftext,The input must be a string.
235,selftext,The input must be a string.
236,selftext,The input must be a string.
237,selftext,The input must be a string.
238,selftext,The input must be a string.
239,selftext,The input must be a string.
240,selftext,The input must be a string.
241,selftext,The input must be a string.
242,selftext,The input must be a string.
243,selftext,The input must be a string.
244,selftext,The input must be a string.
245,selftext,The input must be a string.
246,selftext,The input must be a string.
247,selftext,The input must be a string.
248,selftext,The input must be a string.
249,selftext,The input must be a string.
250,selftext,The input must be a string.
251,selftext,The input must be a string.
252,selftext,The input must be a string.
253,selftext,The input must be a string.
254,selftext,The input must be a string.
255,selftext,The input must be a string.
256,selftext,The input must be a string.
257,selftext,The input must be a string.
258,selftext,The input must be a string.
259,selftext,The input must be a string.
260,selftext,The input must be a string.
261,selftext,The input must be a string.
262,selftext,The input must be a string.
263,selftext,The input must be a string.
264,selftext,The input must be a string.
265,selftext,The input must be a string.
266,selftext,The input must be a string.
267,selftext,The input must be a string.
268,selftext,The input must be a string.
269,selftext,The input must be a string.
270,selftext,The input must be a string.
271,selftext,The input must be a string.
272,selftext,The input must be a string.
273,selftext,The input must be a string.
274,selftext,The input must be a string.
275,selftext,The input must be a string.
276,selftext,The input must be a string.
277,selftext,The input must be a string.
278,selftext,The input must be a string.
279,selftext,The input must be a string.
280,selftext,The input must be a string.
281,selftext,The input must be a string.
282,selftext,The input must be a string.
283,selftext,The input must be a string.
284,selftext,The input must be a string.
285,selftext,The input must be a string.
286,selftext,The input must be a string.
287,selftext,The input must be a string.
288,selftext,The input must be a string.
289,selftext,The input must be a string.
290,selftext,The input must be a string.
291,selftext,The input must be a string.
292,selftext,The input must be a string.
293,selftext,The input must be a string.
294,selftext,The input must be a string.
295,selftext,The input must be a string.
296,selftext,The input must be a string.
297,selftext,The input must be a string.
298,selftext,The input must be a string.
299,selftext,The input must be a string.
300,selftext,The input must be a string.
301,selftext,The input must be a string.
302,selftext,The input must be a string.
303,selftext,The input must be a string.
304,selftext,The input must be a string.
305,selftext,The input must be a string.
306,selftext,The input must be a string.
307,selftext,The input must be a string.
308,selftext,The input must be a string.
309,selftext,The input must be a string.
310,selftext,The input must be a string.
311,selftext,The input must be a string.
312,selftext,The input must be a string.
313,selftext,The input must be a string.
314,selftext,The input must be a string.
315,selftext,The input must be a string.
316,selftext,The input must be a string.
317,selftext,The input must be a string.
318,selftext,The input must be a string.
